cluster_label,sensitive,unprepared,media sharing,challenge,flex,quick
0,0.492183811,0.314548033,0.820311937,0.231153028,0.777066947,0.285552365
1,0.669130752,0.429269955,0.340375509,0.642676331,0.612572008,0.33289378
2,0.451478779,0.509614105,0.762907405,0.211608076,0.55004343,0.586026025
3,0.426228135,0.435230455,0.754243316,0.234121548,0.551526884,0.240269505