cluster_label,sensitive,unprepared,media sharing,challenge,flex,quick
0,0.431290552,0.556080601,0.734908072,0.220669826,0.526442375,0.591469807
1,0.478666459,0.332272164,0.816753935,0.228383777,0.720342564,0.269013912
2,0.669130752,0.429269955,0.340375509,0.642676331,0.612572008,0.33289378
3,0.414271955,0.485860744,0.715803792,0.235978014,0.496391557,0.279407693