title,min,max,mean
날씨민감형,-1.536585,1.526585,-0.006393558
밀집회피형,-1.45455,1.84091,-0.503848641
교류회피형,-1.22727,0.59091,-0.702746505
즉흥참여형,-0.073171,0.073171,-0.000304456
피로최소형,-0.2439,0.2439,-0.088291123
단순행동형,0.07317,2.26829,0.72044423
여행공유형,0.29545,1.29545,1.006961789
모험선호형,-1.77273,2.31818,-0.592550693
편의추구형,-2.268293,2.268293,0.821115774
해결투자형,-2.268293,2.21951,1.444097