tagTitle,min,max,mean
민감형,-4.218405,3.968405,-1.212988703
즉흥형,-0.243901,2.585361,0.63184865
미디어 공유형,0.29545,1.29545,1.006961789
도전형,-1.77273,2.31818,-0.592550693
신속형,0.07317,2.26829,0.72044423
플렉스형,-4.536586,4.487803,2.265212774