tagTitle,min,max,mean
민감형,-26.81430155,77.97228381,38.12724074
즉흥형,-48.66962306,12.8037694,-19.49164901
미디어 공유형,-21.03935698,29.88192905,10.40082372
도전형,-37.08592018,63.12583149,1.785464417
플렉스형,13.87527716,147.2228381,87.77663675
신속형,-10.53658537,11.24390244,-2.980819323