id,sensitive,unprepared,media sharing,challenge,flex,quick,cluster_label
17,0.465729627,0.302187065,0.835464066,0.198275271,0.679716505,0.319552801,1